contrast,metric,n_pairs,n_nonzero,mean_diff,cohen_dz,wilcoxon_p
H0-H1,success,20,7,0.152,0.491398,0.015625
H0-H1,jitter_index,20,20,-27.236852,-1.745639,2e-06
H0-H1,acceleration_index,20,20,-6.900034,-1.097505,0.00486
H0-H1,path_efficiency,19,19,-0.005748,-0.060401,0.768005
H0-H1,min_obstacle_distance_m,20,20,-0.562676,-0.065875,0.927279
H0-H1,steps,20,20,-128.495,-0.292967,0.142906
H3-H1,success,20,9,0.09,0.275504,0.25
H3-H1,jitter_index,20,20,-1.125034,-0.069912,0.898317
H3-H1,acceleration_index,20,20,1.972501,0.269418,0.898317
H3-H1,path_efficiency,19,19,-0.008011,-0.086489,0.921715
H3-H1,min_obstacle_distance_m,20,20,-0.534778,-0.052706,0.545876
H3-H1,steps,20,20,-155.36,-0.355987,0.123093
H0-H3,success,20,4,0.062,0.410075,0.125
H0-H3,jitter_index,20,20,-26.111818,-1.970484,4e-06
H0-H3,acceleration_index,20,20,-8.872534,-4.075515,2e-06
H0-H3,path_efficiency,20,20,0.002691,0.034397,0.812355
H0-H3,min_obstacle_distance_m,20,20,-0.027898,-0.003171,0.840822
H0-H3,steps,20,20,26.865,1.371602,4e-06
