suite,config,map_id,n,success,collision,timeout,success_rate
train,H0,map-barrier-01,250,250,0,0,1.0
train,H0,map-corridor-01,250,250,0,0,1.0
train,H0,map-mixed-01,250,250,0,0,1.0
train,H0,map-random-01,250,250,0,0,1.0
train,H1,map-barrier-01,250,200,0,50,0.8
train,H1,map-corridor-01,250,241,9,0,0.964
train,H1,map-mixed-01,250,250,0,0,1.0
train,H1,map-random-01,250,157,36,57,0.628
train,H3,map-barrier-01,250,222,28,0,0.888
train,H3,map-corridor-01,250,250,0,0,1.0
train,H3,map-mixed-01,250,233,17,0,0.932
train,H3,map-random-01,250,233,17,0,0.932
train,H0,ALL,1000,1000,0,0,1.0
train,H1,ALL,1000,848,45,107,0.848
train,H3,ALL,1000,938,62,0,0.938
heldout,H0,map-barrier-ho1,250,250,0,0,1.0
heldout,H0,map-corridor-ho1,250,250,0,0,1.0
heldout,H0,map-mixed-ho1,250,50,200,0,0.2
heldout,H0,map-random-ho1,250,250,0,0,1.0
heldout,H1,map-barrier-ho1,250,200,0,50,0.8
heldout,H1,map-corridor-ho1,250,241,9,0,0.964
heldout,H1,map-mixed-ho1,250,0,250,0,0.0
heldout,H1,map-random-ho1,250,144,49,57,0.576
heldout,H3,map-barrier-ho1,250,222,28,0,0.888
heldout,H3,map-corridor-ho1,250,250,0,0,1.0
heldout,H3,map-mixed-ho1,250,17,233,0,0.068
heldout,H3,map-random-ho1,250,203,47,0,0.812
heldout,H0,ALL,1000,800,200,0,0.8
heldout,H1,ALL,1000,585,308,107,0.585
heldout,H3,ALL,1000,692,308,0,0.692
