basis,d0_m,map_id,n,success,collision,timeout,success_rate
center,4.0,,200,21,172,7,0.105
center,6.0,,200,21,172,7,0.105
center,8.0,,200,21,172,7,0.105
center,12.0,,200,21,172,7,0.105
surface,4.0,,200,88,0,112,0.44
surface,6.0,,200,88,0,112,0.44
surface,8.0,,200,85,0,115,0.425
surface,12.0,,200,85,0,115,0.425
center,4.0,map-barrier-01,50,6,42,2,0.12
center,4.0,map-corridor-01,50,0,49,1,0.0
center,4.0,map-mixed-01,50,3,45,2,0.06
center,4.0,map-random-01,50,12,36,2,0.24
center,6.0,map-barrier-01,50,6,42,2,0.12
center,6.0,map-corridor-01,50,0,49,1,0.0
center,6.0,map-mixed-01,50,3,45,2,0.06
center,6.0,map-random-01,50,12,36,2,0.24
center,8.0,map-barrier-01,50,6,42,2,0.12
center,8.0,map-corridor-01,50,0,49,1,0.0
center,8.0,map-mixed-01,50,3,45,2,0.06
center,8.0,map-random-01,50,12,36,2,0.24
center,12.0,map-barrier-01,50,6,42,2,0.12
center,12.0,map-corridor-01,50,0,49,1,0.0
center,12.0,map-mixed-01,50,3,45,2,0.06
center,12.0,map-random-01,50,12,36,2,0.24
surface,4.0,map-barrier-01,50,23,0,27,0.46
surface,4.0,map-corridor-01,50,18,0,32,0.36
surface,4.0,map-mixed-01,50,23,0,27,0.46
surface,4.0,map-random-01,50,24,0,26,0.48
surface,6.0,map-barrier-01,50,22,0,28,0.44
surface,6.0,map-corridor-01,50,19,0,31,0.38
surface,6.0,map-mixed-01,50,23,0,27,0.46
surface,6.0,map-random-01,50,24,0,26,0.48
surface,8.0,map-barrier-01,50,22,0,28,0.44
surface,8.0,map-corridor-01,50,17,0,33,0.34
surface,8.0,map-mixed-01,50,22,0,28,0.44
surface,8.0,map-random-01,50,24,0,26,0.48
surface,12.0,map-barrier-01,50,22,0,28,0.44
surface,12.0,map-corridor-01,50,18,0,32,0.36
surface,12.0,map-mixed-01,50,22,0,28,0.44
surface,12.0,map-random-01,50,23,0,27,0.46
