relative_path,artifact_type,bytes,sha256,immutable,required_for,notes
scripts/a2c_new.py,source_code,33559,17326760ad880876dc5b6b63f6976df89ecada93db39ed5f17c54474c448eb61,yes,implementation,physics/runner/orchestration
scripts/vnict_hybrid_experiments.py,source_code,14795,76319f057c65d714ce8f0eb17bb75a6765348641a3e7f4678b350cd556412367,yes,implementation,physics/runner/orchestration
scripts/run_rigorous_manifest.py,source_code,23833,c40c9c73cd5335d9c7b62ca270f7901a901b027eab59206d5beb05f57886e72c,yes,implementation,physics/runner/orchestration
scripts/rigorous_orchestrator.py,source_code,14446,4ef8b4ae38bc7f0217225e0f90a312812ddc28298918ec7795bed836d4f9bae1,yes,implementation,physics/runner/orchestration
scripts/experiment_manifest.py,source_code,2918,807daae6259ffdb99d3718b3cc7c45e81decddb282c524df24232dffd1c8f27b,yes,implementation,physics/runner/orchestration
scripts/aggregate_experiments.py,source_code,2355,8120cde0236e87990b2cdcc7c7c52d7271e92d3c9a7b3ff7c19b55aa5c4f295e,yes,implementation,physics/runner/orchestration
experiments/rigorous_manifest.json,config,5345,140d4c5005d474387460775806a36075e1f24e63f44cff2c4e54bc3974b9bd69,yes,protocol,run matrix + constants
experiments/rigorous_manifest.schema.json,config,1963,02affb0b1f0f67fa760e48c9591bc04576ad19397d0229e14fe105e4e7484184,yes,protocol,manifest schema
environment-lock.txt,environment,285,4db4040795bc5117f10354691336690c051e520f5acc81d0515d94f64518f7ed,yes,reproduction,pinned package versions
results/rigorous/canonical/episode_audit.csv,raw_ledger_source,904208,2f3085d076f4dbb77044698b5f74176f5b3df4d9d960cf37a1d0fd1c16e0c158,yes,all_results,per-rollout audit (4001 rows incl. 1 smoke)
results/rigorous/canonical/aggregate.json,raw_aggregate,1703196,d4b46adb131deae7183df20036693e1f01624c1b66c4ae5437bfb0b2eaf0480b,yes,all_results,aggregate provenance
results/rigorous/canonical/final_statistics.json,derived_stats,5723,696790cc330fa1601e3606c2f1a3485054b140c41bfd581883c46400f1fa97b6,yes,tables_figures,manuscript source-of-truth stats
results/rigorous/canonical/SHA256SUMS,checksums,11502,ed14457cc1c79abde1ba3ef67731f135fd9ac91dd9e3eee3d324deaa47e9e829,yes,integrity,canonical checksum authority
results/rigorous/canonical/qa_status.json,metadata,803,ec28208743eb60c9e604aa1e3b04cb06e27a1c020265a9e0881379adf30782b0,yes,provenance,qa status
reproducibility/data/raw/rollout_ledger.csv,canonical_ledger,2481613,fa1334708c16277a04923ca6078a960255ac5a938673acc085d39192e9d1f6ec,yes,all_results,regenerated append-only ledger (3000 controller rollouts)
reproducibility/data/raw/rollout_ledger.schema.json,schema,3168,9115395029da78cf7ad67e2025afb1c1d1075c3489f290eb3bc77bf7af967360,yes,all_results,ledger schema
reproducibility/data/raw/manuscript_claims.csv,claims,5903,8ef81cb620138909a5828ae15b9e3c1a3e4ee2ddb0c8af3d2929fa69427b69fd,yes,reconciliation,claims to verify
FAIR2026/ReviewPackage/Paper_Final/latex/vnict_hybrid_main.tex,manuscript_source,32398,1c9e268a370331d01118c7b3b76a0addf83281a8ed33c389b6ed4e83cfb58136,yes,manuscript,LaTeX source
FAIR2026/ReviewPackage/Paper_Final/latex/references.bib,manuscript_source,6539,70274afbf79ac294b82e12c0b3dec5030c6f9373d969b77371c9cd278d484b17,yes,manuscript,bibliography
FAIR2026/ReviewPackage/Paper_Final/latex/vnict_hybrid_main.pdf,manuscript_pdf,527170,3e6c994ceedd3f8d8de1f86ac8a18bb046b15db22b2eb9ff9075c812ed6e5ec8,yes,manuscript,final PDF
results/rigorous/runs/H0_A2C_map-barrier-01_seed101_steps5000000.json,run_provenance,9813,3d0ead4107a4a730706808cf60beb94227df445c0987219f148de3b36dc3e367,yes,unit_integrity,per-run provenance incl. checkpoint/map hashes
results/rigorous/runs/H0_A2C_map-barrier-01_seed211_steps5000000.json,run_provenance,13782,2caaa06a40e047951611d6366f482d69913cb7fe9a05955eedaddee2bbf695ad,yes,unit_integrity,per-run provenance incl. checkpoint/map hashes
results/rigorous/runs/H0_A2C_map-barrier-01_seed307_steps5000000.json,run_provenance,9656,f150dd33a68cccec71b0bc71c8c7dc5e8cacc8c20525dab15dd44f31b965e525,yes,unit_integrity,per-run provenance incl. checkpoint/map hashes
results/rigorous/runs/H0_A2C_map-barrier-01_seed401_steps5000000.json,run_provenance,9287,02bd79c63edae3d9cb4e813401ef93551c3cfe08c030b3006fbed0c0f43c9f6b,yes,unit_integrity,per-run provenance incl. checkpoint/map hashes
results/rigorous/runs/H0_A2C_map-barrier-01_seed503_steps5000000.json,run_provenance,9931,5c677eb78f171ea4310a372c81b6e3de8457c31702e9fc3514e177baa61abce6,yes,unit_integrity,per-run provenance incl. checkpoint/map hashes
results/rigorous/runs/H0_A2C_map-corridor-01_seed101_steps5000000.json,run_provenance,10759,c47f0a0506ef8182f8b05eebd5ca700c394359db6cd4d15d109b5efb82da53d7,yes,unit_integrity,per-run provenance incl. checkpoint/map hashes
results/rigorous/runs/H0_A2C_map-corridor-01_seed211_steps5000000.json,run_provenance,13629,0f99579e670c2caca696d786e58206535548412190f51b51304c00db6c185385,yes,unit_integrity,per-run provenance incl. checkpoint/map hashes
results/rigorous/runs/H0_A2C_map-corridor-01_seed307_steps5000000.json,run_provenance,11891,250851f835a1fafb95369e3b7b349c1e66d09d4fcf57b6bba00f6569001606af,yes,unit_integrity,per-run provenance incl. checkpoint/map hashes
results/rigorous/runs/H0_A2C_map-corridor-01_seed401_steps5000000.json,run_provenance,12734,f67ee32ca72df88498f38c712d8e02d948eb037390803d876420db8ed12f553d,yes,unit_integrity,per-run provenance incl. checkpoint/map hashes
results/rigorous/runs/H0_A2C_map-corridor-01_seed503_steps5000000.json,run_provenance,13237,7dba0a23ba2caa84e82e3ac5c3cb4c62a2851bab1eed53a14629508e62567208,yes,unit_integrity,per-run provenance incl. checkpoint/map hashes
results/rigorous/runs/H0_A2C_map-mixed-01_seed101_steps5000000.json,run_provenance,9319,f78997f859d9e887fca63ad4a25aaebf96b24ffdad8cea24436f5136b81dca4c,yes,unit_integrity,per-run provenance incl. checkpoint/map hashes
results/rigorous/runs/H0_A2C_map-mixed-01_seed211_steps5000000.json,run_provenance,12733,eceb2ac4ed232989faa43dbab2865217defc6a44d2afbe426e12828762db7c28,yes,unit_integrity,per-run provenance incl. checkpoint/map hashes
results/rigorous/runs/H0_A2C_map-mixed-01_seed307_steps5000000.json,run_provenance,12695,18a6815197e686961249dcd3cea6be2a0699b74bacb38eb9648dd879d5173005,yes,unit_integrity,per-run provenance incl. checkpoint/map hashes
results/rigorous/runs/H0_A2C_map-mixed-01_seed401_steps5000000.json,run_provenance,9892,64032bbeec72aac576c7ebb373d0f6d8d2687e56908c2f6109fd0cae6666cbec,yes,unit_integrity,per-run provenance incl. checkpoint/map hashes
results/rigorous/runs/H0_A2C_map-mixed-01_seed503_steps5000000.json,run_provenance,9498,8a28dbb88ab2b7e48bfe604242a52f2c8dc0b8f8d735471c8e95894915b1e7a0,yes,unit_integrity,per-run provenance incl. checkpoint/map hashes
results/rigorous/runs/H0_A2C_map-random-01_seed101_steps5000000.json,run_provenance,11507,48b43e8e049f18dc3cc3d052e4bc812a1a90aa4c7c6e2c163cd3f072b83aea91,yes,unit_integrity,per-run provenance incl. checkpoint/map hashes
results/rigorous/runs/H0_A2C_map-random-01_seed101_steps64.json,run_provenance,7721,8332eeec4e006d9770ce169463eabe063c5d871f5af3872685e04d28911b4bd1,yes,unit_integrity,per-run provenance incl. checkpoint/map hashes
results/rigorous/runs/H0_A2C_map-random-01_seed211_steps5000000.json,run_provenance,13034,59db8e4321a1a2c3b7ee19402f042a789fdccb44f0b17246963c947e811831a4,yes,unit_integrity,per-run provenance incl. checkpoint/map hashes
results/rigorous/runs/H0_A2C_map-random-01_seed307_steps5000000.json,run_provenance,11809,90a7d1bc0c42595dae95c9f0b84a04913395e036da38d88ff3481e063d4fc932,yes,unit_integrity,per-run provenance incl. checkpoint/map hashes
results/rigorous/runs/H0_A2C_map-random-01_seed401_steps5000000.json,run_provenance,14284,3fb40bba09e4e1be9328ce716dd27bd0dd238495258de75763a899904d19d9b0,yes,unit_integrity,per-run provenance incl. checkpoint/map hashes
results/rigorous/runs/H0_A2C_map-random-01_seed503_steps5000000.json,run_provenance,11592,4d048f7052f98294ad6b323185d6870e1d3f8bfd4b808e9214429e72f699daea,yes,unit_integrity,per-run provenance incl. checkpoint/map hashes
results/rigorous/runs/H1_A2C_map-barrier-01_seed101_steps5000000.json,run_provenance,10663,8db4434c0bd772f3b91d3476adf3c1acfe367ecbc5075a81287b401c87ac4b4a,yes,unit_integrity,per-run provenance incl. checkpoint/map hashes
results/rigorous/runs/H1_A2C_map-barrier-01_seed211_steps5000000.json,run_provenance,8209,92cc039c453b7a1b721550255a248764ce2b4de394642bdec8a3b63ecb55bfba,yes,unit_integrity,per-run provenance incl. checkpoint/map hashes
results/rigorous/runs/H1_A2C_map-barrier-01_seed307_steps5000000.json,run_provenance,8635,cb59f76ce48f6a5b7dcdae7ff1efd93cc233327f646a9169fb36bd18fdcca0ed,yes,unit_integrity,per-run provenance incl. checkpoint/map hashes
results/rigorous/runs/H1_A2C_map-barrier-01_seed401_steps5000000.json,run_provenance,115171,425ee9e278b6ed069bce570e1d032b886980b200e8e225be52bd71db2e0ba5e1,yes,unit_integrity,per-run provenance incl. checkpoint/map hashes
results/rigorous/runs/H1_A2C_map-barrier-01_seed503_steps5000000.json,run_provenance,9808,0d275440cdcf193b6e7ac4c83beb9e03810101a0157064f769a0c14915e55134,yes,unit_integrity,per-run provenance incl. checkpoint/map hashes
results/rigorous/runs/H1_A2C_map-corridor-01_seed101_steps5000000.json,run_provenance,11681,317c82cdf86257857384bd98a79471c027e8214b2ec1c0135c018f5f80592b40,yes,unit_integrity,per-run provenance incl. checkpoint/map hashes
results/rigorous/runs/H1_A2C_map-corridor-01_seed211_steps5000000.json,run_provenance,9915,d32440452e89d636ac3a90db8ffe256e6e0a692bd3148f507650d5fac8a5859f,yes,unit_integrity,per-run provenance incl. checkpoint/map hashes
results/rigorous/runs/H1_A2C_map-corridor-01_seed307_steps5000000.json,run_provenance,10701,b96b5f31e3e8f0ea8568654f680256214e54e8a3c31b1d8d26e95bc4d5168fe4,yes,unit_integrity,per-run provenance incl. checkpoint/map hashes
results/rigorous/runs/H1_A2C_map-corridor-01_seed401_steps5000000.json,run_provenance,10352,f8058592e10decf6cb606a2d5e4d10870283b24f998fcba8e3258a2388dca01f,yes,unit_integrity,per-run provenance incl. checkpoint/map hashes
results/rigorous/runs/H1_A2C_map-corridor-01_seed503_steps5000000.json,run_provenance,9396,ed81b56ef1ca64a1e5721a09df14a41ff6fd0452d033e3bbf1ebf27862a5a160,yes,unit_integrity,per-run provenance incl. checkpoint/map hashes
results/rigorous/runs/H1_A2C_map-mixed-01_seed101_steps5000000.json,run_provenance,8173,561775eca89a147610690559c6cf8ac26376584e8b180a5e293fbc3b0ecf4606,yes,unit_integrity,per-run provenance incl. checkpoint/map hashes
results/rigorous/runs/H1_A2C_map-mixed-01_seed211_steps5000000.json,run_provenance,8566,923be33b3095869230027004cfbc83550a97b3471308af794918aa42677106af,yes,unit_integrity,per-run provenance incl. checkpoint/map hashes
results/rigorous/runs/H1_A2C_map-mixed-01_seed307_steps5000000.json,run_provenance,8476,07a8b45fc7f610df585db0a7307247ffab5f6dd9350682ceafe1c1bedd507b97,yes,unit_integrity,per-run provenance incl. checkpoint/map hashes
results/rigorous/runs/H1_A2C_map-mixed-01_seed401_steps5000000.json,run_provenance,8346,4169a42a15ba0e744dd6c97b62ef7f24550c0a6935607fd2d6db24a2b3b498dd,yes,unit_integrity,per-run provenance incl. checkpoint/map hashes
results/rigorous/runs/H1_A2C_map-mixed-01_seed503_steps5000000.json,run_provenance,8495,91f31e92ce5645cd409e85a71c4a825cb6368625a6e7571c10e2e2ef538f0a2f,yes,unit_integrity,per-run provenance incl. checkpoint/map hashes
results/rigorous/runs/H1_A2C_map-random-01_seed101_steps5000000.json,run_provenance,11000,d15e57c521d4b25e2d05f3c2cc8becb5820d3b5d8283ba6f04b21ccc37cb47fb,yes,unit_integrity,per-run provenance incl. checkpoint/map hashes
results/rigorous/runs/H1_A2C_map-random-01_seed211_steps5000000.json,run_provenance,7017,7e3e45915695572d15f222596d9440e65e5125ac6cd1ce38b606de3593cb9c0b,yes,unit_integrity,per-run provenance incl. checkpoint/map hashes
results/rigorous/runs/H1_A2C_map-random-01_seed307_steps5000000.json,run_provenance,115321,fdb4274da1119bba636a9cdc1471c74f0ff085f9c797ad8e405523d41fe01025,yes,unit_integrity,per-run provenance incl. checkpoint/map hashes
results/rigorous/runs/H1_A2C_map-random-01_seed401_steps5000000.json,run_provenance,9815,a7dce6ecd82f5dd5f5c3d12a97896e40e442d2f4d00af909e3f1aca3d33d6069,yes,unit_integrity,per-run provenance incl. checkpoint/map hashes
results/rigorous/runs/H1_A2C_map-random-01_seed503_steps5000000.json,run_provenance,10222,866b90a9ce5764614750e8cdaa028c06bfea188deb8aba260b0721b4468efd01,yes,unit_integrity,per-run provenance incl. checkpoint/map hashes
results/rigorous/runs/H2_APF_map-barrier-01_seed101_steps5000000.json,run_provenance,44986,57f42cdd106dbb84865e7fb1d403eb770405ad80943e884a69b9782c4bc6f33f,yes,unit_integrity,per-run provenance incl. checkpoint/map hashes
results/rigorous/runs/H2_APF_map-barrier-01_seed211_steps5000000.json,run_provenance,44985,71e12825d743ba7510b0a9b0c4dc02dc510009a9b110fb44d6ab70c338184dfd,yes,unit_integrity,per-run provenance incl. checkpoint/map hashes
results/rigorous/runs/H2_APF_map-barrier-01_seed307_steps5000000.json,run_provenance,44985,0f6b83c37491d7fae96d17a5f172218777db9a375acf3ec2b6a294c907efd922,yes,unit_integrity,per-run provenance incl. checkpoint/map hashes
results/rigorous/runs/H2_APF_map-barrier-01_seed401_steps5000000.json,run_provenance,44985,c94e35be153f41f728ac946c571b4ddfb56ee509b9f4e7f192b4818dd8302108,yes,unit_integrity,per-run provenance incl. checkpoint/map hashes
results/rigorous/runs/H2_APF_map-barrier-01_seed503_steps5000000.json,run_provenance,44987,14bb91cee4a0a1958d50054cc96d4a6cd752a4c1eb271790a45175061fb21c12,yes,unit_integrity,per-run provenance incl. checkpoint/map hashes
results/rigorous/runs/H2_APF_map-corridor-01_seed101_steps5000000.json,run_provenance,12441,606368d39cc66177c661e736622eedc4e2a0f1f64ce4d8610bb829eba4be5528,yes,unit_integrity,per-run provenance incl. checkpoint/map hashes
results/rigorous/runs/H2_APF_map-corridor-01_seed211_steps5000000.json,run_provenance,12440,90320353bf563ce668b78ea1f4bf4680534a5f68efc344f855bff6d0d5eb88d2,yes,unit_integrity,per-run provenance incl. checkpoint/map hashes
results/rigorous/runs/H2_APF_map-corridor-01_seed307_steps5000000.json,run_provenance,12440,d1abf9a6b539ad4b3d9f10bd5e4d3659fb890b1c4700b9b62d26dcc38c32131c,yes,unit_integrity,per-run provenance incl. checkpoint/map hashes
results/rigorous/runs/H2_APF_map-corridor-01_seed401_steps5000000.json,run_provenance,12441,6963babf8d23f8b8f7aeaf1bbea5c5793f8498e0e3424b7b9c8ab70da92d8d2a,yes,unit_integrity,per-run provenance incl. checkpoint/map hashes
results/rigorous/runs/H2_APF_map-corridor-01_seed503_steps5000000.json,run_provenance,12441,569983260157ecb44362aec9a4a5c01e9c5d8addf15a3e0d9d8e0e09153a30ff,yes,unit_integrity,per-run provenance incl. checkpoint/map hashes
results/rigorous/runs/H2_APF_map-mixed-01_seed101_steps5000000.json,run_provenance,24283,8df9c6222d958d229147d57a7ddb0410015d7ffdeb21311995ca8c03ab0e3a6b,yes,unit_integrity,per-run provenance incl. checkpoint/map hashes
results/rigorous/runs/H2_APF_map-mixed-01_seed211_steps5000000.json,run_provenance,24282,440d26620287f3ea3f758fd8fdac23fd509c643842886a645b3fe54ba4e87675,yes,unit_integrity,per-run provenance incl. checkpoint/map hashes
results/rigorous/runs/H2_APF_map-mixed-01_seed307_steps5000000.json,run_provenance,24283,8876abab3e234a1c8c1eb606aa3d41b5ee0649d89e31d291406ef735e727d5c4,yes,unit_integrity,per-run provenance incl. checkpoint/map hashes
results/rigorous/runs/H2_APF_map-mixed-01_seed401_steps5000000.json,run_provenance,24283,666361f3465bf61ff31a7d33c35dd66341368f1d12df3885972bff76053e4765,yes,unit_integrity,per-run provenance incl. checkpoint/map hashes
results/rigorous/runs/H2_APF_map-mixed-01_seed503_steps5000000.json,run_provenance,24283,8eccb4799d190eb0f275a08772ed5bdd6c4686e3751ad4b3f1ee6856176dd1ed,yes,unit_integrity,per-run provenance incl. checkpoint/map hashes
results/rigorous/runs/H2_APF_map-random-01_seed101_steps5000000.json,run_provenance,26209,5c73c9b730c1fde87c2cba67c56ade477b2c6d4d122f2f6f39be263d61f28855,yes,unit_integrity,per-run provenance incl. checkpoint/map hashes
results/rigorous/runs/H2_APF_map-random-01_seed211_steps5000000.json,run_provenance,26209,f8a48868167177184e682216069f0efd35238a23447218b2106a73fc3a0e49b7,yes,unit_integrity,per-run provenance incl. checkpoint/map hashes
results/rigorous/runs/H2_APF_map-random-01_seed307_steps5000000.json,run_provenance,26209,6051c70ce6d20f2dde9b71e9314944cd4986a409d04463fef8304c31bb5ee4b0,yes,unit_integrity,per-run provenance incl. checkpoint/map hashes
results/rigorous/runs/H2_APF_map-random-01_seed401_steps5000000.json,run_provenance,26209,04bcda183cf4069a96559a73af9726dbd4f041f762507b4476623793b9e9b5be,yes,unit_integrity,per-run provenance incl. checkpoint/map hashes
results/rigorous/runs/H2_APF_map-random-01_seed503_steps5000000.json,run_provenance,26210,a0952bd361d78c9da995964652c2c8f365f1fb36eec99daa44cf4d77312cb1ad,yes,unit_integrity,per-run provenance incl. checkpoint/map hashes
results/rigorous/runs/H4_A2C_map-barrier-01_seed101_steps5000000.json,run_provenance,7949,b259b203d357b1ab9809261cd3cee6b1717f0e86a41526507f4728aabb30d37a,yes,unit_integrity,per-run provenance incl. checkpoint/map hashes
results/rigorous/runs/H4_A2C_map-barrier-01_seed211_steps5000000.json,run_provenance,7947,6718b6b54ab03c1f4a338a1927b31296e6417c2a554239587ba5bb6583ccef83,yes,unit_integrity,per-run provenance incl. checkpoint/map hashes
results/rigorous/runs/H4_A2C_map-barrier-01_seed307_steps5000000.json,run_provenance,7947,8298680c4f42a65293282e216940aa153112e592050331bfe793aea132e2d2a7,yes,unit_integrity,per-run provenance incl. checkpoint/map hashes
results/rigorous/runs/H4_A2C_map-barrier-01_seed401_steps5000000.json,run_provenance,7948,8e9bdba864bd9d3d1f2146f596f9d3f1827af839e99617937b82b1e18f9500a8,yes,unit_integrity,per-run provenance incl. checkpoint/map hashes
results/rigorous/runs/H4_A2C_map-barrier-01_seed503_steps5000000.json,run_provenance,7949,b2c98648862337f473afc7a0f361b86cb80159ac43cbeda354b51910b2a9242b,yes,unit_integrity,per-run provenance incl. checkpoint/map hashes
results/rigorous/runs/H4_A2C_map-corridor-01_seed101_steps5000000.json,run_provenance,7952,2d7f6d29f17385a1a9bf038bc58f3227888dac14b700f4e5f3991de17debbc9a,yes,unit_integrity,per-run provenance incl. checkpoint/map hashes
results/rigorous/runs/H4_A2C_map-corridor-01_seed211_steps5000000.json,run_provenance,7952,b7e979571c2ca58d3fe678acdc26ea052bb5d7d899c14588ddc1802fade71d67,yes,unit_integrity,per-run provenance incl. checkpoint/map hashes
results/rigorous/runs/H4_A2C_map-corridor-01_seed307_steps5000000.json,run_provenance,7952,caa6d4c91d7963ca9a6c52743a43fbc9d6523553ad42e139722882d79085c351,yes,unit_integrity,per-run provenance incl. checkpoint/map hashes
results/rigorous/runs/H4_A2C_map-corridor-01_seed401_steps5000000.json,run_provenance,7953,57042c41acd51cf4e28aad18403060c8ecbf2acf7f0405209a47df369c4a866a,yes,unit_integrity,per-run provenance incl. checkpoint/map hashes
results/rigorous/runs/H4_A2C_map-corridor-01_seed503_steps5000000.json,run_provenance,7951,a9cc0ad71e52e547ca39c26e10553d2b5bf078a9633c0bab42d4af76594312a5,yes,unit_integrity,per-run provenance incl. checkpoint/map hashes
results/rigorous/runs/H4_A2C_map-mixed-01_seed101_steps5000000.json,run_provenance,7939,afdcae4ac9cb36527ed2ac0ef3e23402092e2fd8e631d2986379781d2fab5c66,yes,unit_integrity,per-run provenance incl. checkpoint/map hashes
results/rigorous/runs/H4_A2C_map-mixed-01_seed211_steps5000000.json,run_provenance,7940,1bb6b1e7dc2b59d2dfcfb8493c568158ada267313ed8f7cfb1397cfdb8e757bc,yes,unit_integrity,per-run provenance incl. checkpoint/map hashes
results/rigorous/runs/H4_A2C_map-mixed-01_seed307_steps5000000.json,run_provenance,7940,0afdb49282478f9ae51f412f7df436082af266ee65d8106d74ab4e1cd4a6a12a,yes,unit_integrity,per-run provenance incl. checkpoint/map hashes
results/rigorous/runs/H4_A2C_map-mixed-01_seed401_steps5000000.json,run_provenance,7939,ba0b57fa8112ea24d98309f37c612d0b39d61e7e7581e88b974e93d584d47ce8,yes,unit_integrity,per-run provenance incl. checkpoint/map hashes
results/rigorous/runs/H4_A2C_map-mixed-01_seed503_steps5000000.json,run_provenance,7938,982e1eaf012a278403b454a3b5ff0c7c6077d319b2e07296a3d6a850c8ccca27,yes,unit_integrity,per-run provenance incl. checkpoint/map hashes
results/rigorous/runs/H4_A2C_map-random-01_seed101_steps5000000.json,run_provenance,7945,11a3bf22366c6602be1df206475c81fa2869004709e57d2c7f1c5715f132db2f,yes,unit_integrity,per-run provenance incl. checkpoint/map hashes
results/rigorous/runs/H4_A2C_map-random-01_seed211_steps5000000.json,run_provenance,7944,05de71adca32cf5828046426bfced78cc66fcf4c57f8fd9864e38af9db342e6e,yes,unit_integrity,per-run provenance incl. checkpoint/map hashes
results/rigorous/runs/H4_A2C_map-random-01_seed307_steps5000000.json,run_provenance,7945,4e736ef568cfd4abce87032c61c02b2e7976ee95c00238662b081c37e1ee8550,yes,unit_integrity,per-run provenance incl. checkpoint/map hashes
results/rigorous/runs/H4_A2C_map-random-01_seed401_steps5000000.json,run_provenance,7945,ea7ccddc893181f1a02a37bb42724ed0f9e8a5bbbdceff4a7ea8c90eeb8f386e,yes,unit_integrity,per-run provenance incl. checkpoint/map hashes
results/rigorous/runs/H4_A2C_map-random-01_seed503_steps5000000.json,run_provenance,7944,32314564a5bd6fb48a5ccc5e5e70e00a16c4b17c5f335ca31812eba6dc52d42f,yes,unit_integrity,per-run provenance incl. checkpoint/map hashes
results/rigorous/artifacts/H0_A2C_map-barrier-01_seed101_steps5000000/SHA256SUMS,unit_checksums,9343,8dc9fb93746a1a5ba99f274d56069d0a12ab2f340f672898af5cea12d1fbc40e,yes,unit_integrity,authority for that unit's npz+checkpoint checksums
results/rigorous/artifacts/H0_A2C_map-barrier-01_seed211_steps5000000/SHA256SUMS,unit_checksums,9343,760fb45238d17b2c89e352fe187137f4f963776b205aa8e922f03b00898e32eb,yes,unit_integrity,authority for that unit's npz+checkpoint checksums
results/rigorous/artifacts/H0_A2C_map-barrier-01_seed307_steps5000000/SHA256SUMS,unit_checksums,9343,28362c12ac4a9c96b73c3799374b2a05e1bbd36f3c7343c43b73c3559060154a,yes,unit_integrity,authority for that unit's npz+checkpoint checksums
results/rigorous/artifacts/H0_A2C_map-barrier-01_seed401_steps5000000/SHA256SUMS,unit_checksums,9343,2b8aec6b1f66204ca181c8220a95fb5b93d6b89f9edcdd68857358d9d94a17aa,yes,unit_integrity,authority for that unit's npz+checkpoint checksums
results/rigorous/artifacts/H0_A2C_map-barrier-01_seed503_steps5000000/SHA256SUMS,unit_checksums,9343,58c204640eaca95c9278451d014beb2c2ce33781cd9d073e4f2d8acc5a11aba8,yes,unit_integrity,authority for that unit's npz+checkpoint checksums
results/rigorous/artifacts/H0_A2C_map-corridor-01_seed101_steps5000000/SHA256SUMS,unit_checksums,9399,aa4992d513ad64a612965dbb439a0be739a63583c31e44fb51fc407a7e662f08,yes,unit_integrity,authority for that unit's npz+checkpoint checksums
results/rigorous/artifacts/H0_A2C_map-corridor-01_seed211_steps5000000/SHA256SUMS,unit_checksums,9399,b8f9c9aa36d1de35ebb7f8c7b7aa4023370d2924bb3f8abd3292597f1e3c792f,yes,unit_integrity,authority for that unit's npz+checkpoint checksums
results/rigorous/artifacts/H0_A2C_map-corridor-01_seed307_steps5000000/SHA256SUMS,unit_checksums,9399,eed28133871843ba059e33e65b17dc48fedbf6b2feda751f3f58a84445362c35,yes,unit_integrity,authority for that unit's npz+checkpoint checksums
results/rigorous/artifacts/H0_A2C_map-corridor-01_seed401_steps5000000/SHA256SUMS,unit_checksums,9399,7bdf761dff35f226ed06992fc2377c14998609708dffd48777eb8b03c50c1ce8,yes,unit_integrity,authority for that unit's npz+checkpoint checksums
results/rigorous/artifacts/H0_A2C_map-corridor-01_seed503_steps5000000/SHA256SUMS,unit_checksums,9399,68372716889b6116601a3d003b37f2b59c1cd5ef5b5460d8b5cf858eb2600613,yes,unit_integrity,authority for that unit's npz+checkpoint checksums
results/rigorous/artifacts/H0_A2C_map-mixed-01_seed101_steps5000000/SHA256SUMS,unit_checksums,9231,3e3e00b16611b3ea10a4b36dd77044c3a9059dd78369a37698f93f827b3548d2,yes,unit_integrity,authority for that unit's npz+checkpoint checksums
results/rigorous/artifacts/H0_A2C_map-mixed-01_seed211_steps5000000/SHA256SUMS,unit_checksums,9231,d1f62fa98249127399d09fabc054fd8e206b6c71a8fb3eda524a08e6bc226f01,yes,unit_integrity,authority for that unit's npz+checkpoint checksums
results/rigorous/artifacts/H0_A2C_map-mixed-01_seed307_steps5000000/SHA256SUMS,unit_checksums,9231,f38df2484a8dcffbc1e52e91c88387f3c3a3e2c545dde74218f1cd767cba7aa7,yes,unit_integrity,authority for that unit's npz+checkpoint checksums
results/rigorous/artifacts/H0_A2C_map-mixed-01_seed401_steps5000000/SHA256SUMS,unit_checksums,9231,abb888281fdd4b29dca95a092f67638e37788a29028573608044b7651b76961e,yes,unit_integrity,authority for that unit's npz+checkpoint checksums
results/rigorous/artifacts/H0_A2C_map-mixed-01_seed503_steps5000000/SHA256SUMS,unit_checksums,9231,6b733d35c9aef63ee29c71b06c887e9acca75eea45f20b9af6bf58f1fc740795,yes,unit_integrity,authority for that unit's npz+checkpoint checksums
results/rigorous/artifacts/H0_A2C_map-random-01_seed101_steps5000000/SHA256SUMS,unit_checksums,9287,e5004faae6efdfa9e6d1ec19a9e885bd8fefa4070bf4a29a1076265a3e72f045,yes,unit_integrity,authority for that unit's npz+checkpoint checksums
results/rigorous/artifacts/H0_A2C_map-random-01_seed101_steps64/SHA256SUMS,unit_checksums,878,ecf05df260ad3935703075a8c965e0eebf41c041e0dfdcecc159b81e4dc80f2f,yes,unit_integrity,authority for that unit's npz+checkpoint checksums
results/rigorous/artifacts/H0_A2C_map-random-01_seed211_steps5000000/SHA256SUMS,unit_checksums,9287,9aca933f9c210c37c47cefcb77327b957a6df9c7eda3336034abaac4ade2f4df,yes,unit_integrity,authority for that unit's npz+checkpoint checksums
results/rigorous/artifacts/H0_A2C_map-random-01_seed307_steps5000000/SHA256SUMS,unit_checksums,9287,c44d1b0fd12303693b5e79f4b77c6bfb1743a20c46c4829ee6ae10616180ba40,yes,unit_integrity,authority for that unit's npz+checkpoint checksums
results/rigorous/artifacts/H0_A2C_map-random-01_seed401_steps5000000/SHA256SUMS,unit_checksums,9287,a27b2c0003db54c0d1dee3c335395db93ced6acfd2048ead5c3930fb252092d5,yes,unit_integrity,authority for that unit's npz+checkpoint checksums
results/rigorous/artifacts/H0_A2C_map-random-01_seed503_steps5000000/SHA256SUMS,unit_checksums,9287,5d64ef49fef65727a54035c0517d8378c50c6dc01d2a2bff056e6e959b2f0a8c,yes,unit_integrity,authority for that unit's npz+checkpoint checksums
results/rigorous/artifacts/H1_A2C_map-barrier-01_seed101_steps5000000/SHA256SUMS,unit_checksums,9343,43eb20c767f2ef9ab4ac23a70544de75c5215789a4f7a471430845187e1b9fde,yes,unit_integrity,authority for that unit's npz+checkpoint checksums
results/rigorous/artifacts/H1_A2C_map-barrier-01_seed211_steps5000000/SHA256SUMS,unit_checksums,9343,7144f2c1b6d9dd7e358e2331de38b52560cfbfe06937fb2310e897e1ac73ea5d,yes,unit_integrity,authority for that unit's npz+checkpoint checksums
results/rigorous/artifacts/H1_A2C_map-barrier-01_seed307_steps5000000/SHA256SUMS,unit_checksums,9343,80c4858b66c089f06f9a2c02886b82f4ccc768235a2f64b1d59d30fef38d1ed8,yes,unit_integrity,authority for that unit's npz+checkpoint checksums
results/rigorous/artifacts/H1_A2C_map-barrier-01_seed401_steps5000000/SHA256SUMS,unit_checksums,9343,80798b944274acee2abfc1f3ff8bd35681edf31014f3fb6583f4efd5e9634872,yes,unit_integrity,authority for that unit's npz+checkpoint checksums
results/rigorous/artifacts/H1_A2C_map-barrier-01_seed503_steps5000000/SHA256SUMS,unit_checksums,9343,03845246aff0a2067920314616975976cf0883b9e58cebad9c0d149eefc1f21e,yes,unit_integrity,authority for that unit's npz+checkpoint checksums
results/rigorous/artifacts/H1_A2C_map-corridor-01_seed101_steps5000000/SHA256SUMS,unit_checksums,9399,ea8457f4b948242aa388bc1e2a6411e3ee19688a622bf6eeb9d79fb2a2228c9d,yes,unit_integrity,authority for that unit's npz+checkpoint checksums
results/rigorous/artifacts/H1_A2C_map-corridor-01_seed211_steps5000000/SHA256SUMS,unit_checksums,9399,8b20ccf0a940c4440e3f28cba651667e4ad5cc68671d35a7d22c68850bd20a8e,yes,unit_integrity,authority for that unit's npz+checkpoint checksums
results/rigorous/artifacts/H1_A2C_map-corridor-01_seed307_steps5000000/SHA256SUMS,unit_checksums,9399,dc417ebdc5d5860c6ae1578be88b301dabda377aefd09cc767328e2e8c8b9e39,yes,unit_integrity,authority for that unit's npz+checkpoint checksums
results/rigorous/artifacts/H1_A2C_map-corridor-01_seed401_steps5000000/SHA256SUMS,unit_checksums,9399,1c8c86d643015501057d6a907b4cb44a55c2af5a3a71668439dcbef32165644d,yes,unit_integrity,authority for that unit's npz+checkpoint checksums
results/rigorous/artifacts/H1_A2C_map-corridor-01_seed503_steps5000000/SHA256SUMS,unit_checksums,9399,dbbd285ab7f27275073ad514a60b72b715adee519f4485e774b81fc984469cf3,yes,unit_integrity,authority for that unit's npz+checkpoint checksums
results/rigorous/artifacts/H1_A2C_map-mixed-01_seed101_steps5000000/SHA256SUMS,unit_checksums,9231,457eccd7ca0fd40a9260f4f50954c87ea714bbfbb338b3789982954eb6e95cfc,yes,unit_integrity,authority for that unit's npz+checkpoint checksums
results/rigorous/artifacts/H1_A2C_map-mixed-01_seed211_steps5000000/SHA256SUMS,unit_checksums,9231,e5793d2a51358e6b50731fcdecf74a4c35dc084b76373925623308c54f9e5547,yes,unit_integrity,authority for that unit's npz+checkpoint checksums
results/rigorous/artifacts/H1_A2C_map-mixed-01_seed307_steps5000000/SHA256SUMS,unit_checksums,9231,57f15fa76dcd446572cfdbfd6de226f8c547a3494d9e7e81483bbdf3b6e3c153,yes,unit_integrity,authority for that unit's npz+checkpoint checksums
results/rigorous/artifacts/H1_A2C_map-mixed-01_seed401_steps5000000/SHA256SUMS,unit_checksums,9231,0e71ea056b783ac6bbd81dc94a92fd9328d85a36fa31868fa0d213f3c88a6179,yes,unit_integrity,authority for that unit's npz+checkpoint checksums
results/rigorous/artifacts/H1_A2C_map-mixed-01_seed503_steps5000000/SHA256SUMS,unit_checksums,9231,6c82f1faf16d6f3025c633893027e0e1dac19b4c0dd76eef92a5ccd636e22126,yes,unit_integrity,authority for that unit's npz+checkpoint checksums
results/rigorous/artifacts/H1_A2C_map-random-01_seed101_steps5000000/SHA256SUMS,unit_checksums,9287,1cde5ecbe88d9cac77db3ebf9b1490ff238b9179d1dc151071f8bc50bec49c6d,yes,unit_integrity,authority for that unit's npz+checkpoint checksums
results/rigorous/artifacts/H1_A2C_map-random-01_seed211_steps5000000/SHA256SUMS,unit_checksums,9287,9999b8849d3b8346842f79685bb6337119040ef671e87b73d8ffbbdcaf5cb79d,yes,unit_integrity,authority for that unit's npz+checkpoint checksums
results/rigorous/artifacts/H1_A2C_map-random-01_seed307_steps5000000/SHA256SUMS,unit_checksums,9287,d20cd485f613ba18299d351f07136d58877fceff625c57acfafa286fd3eac8a9,yes,unit_integrity,authority for that unit's npz+checkpoint checksums
results/rigorous/artifacts/H1_A2C_map-random-01_seed401_steps5000000/SHA256SUMS,unit_checksums,9287,a207c4ce6c1e4da480efd15c83baad3da0c8b7156b8ac0880724a9a8e009bfe0,yes,unit_integrity,authority for that unit's npz+checkpoint checksums
results/rigorous/artifacts/H1_A2C_map-random-01_seed503_steps5000000/SHA256SUMS,unit_checksums,9287,1f9afe18d089cafb21472f13e467866ad09def640e0927be55d12738a60ea673,yes,unit_integrity,authority for that unit's npz+checkpoint checksums
results/rigorous/artifacts/H2_APF_map-barrier-01_seed101_steps5000000/SHA256SUMS,unit_checksums,9184,fd0c80299cffa41fea5ab8c42cb27e899f69e679987ca7507b89ec0361276c33,yes,unit_integrity,authority for that unit's npz+checkpoint checksums
results/rigorous/artifacts/H2_APF_map-barrier-01_seed211_steps5000000/SHA256SUMS,unit_checksums,9184,2c4942a316309e71a33ac3d4552ca90678a58125f06e023cc80e36392746fb14,yes,unit_integrity,authority for that unit's npz+checkpoint checksums
results/rigorous/artifacts/H2_APF_map-barrier-01_seed307_steps5000000/SHA256SUMS,unit_checksums,9184,b636121553fe58c79e6bb6c2e217ad8ec3c9cc5bf558ecf4ace9dda16f841a8c,yes,unit_integrity,authority for that unit's npz+checkpoint checksums
results/rigorous/artifacts/H2_APF_map-barrier-01_seed401_steps5000000/SHA256SUMS,unit_checksums,9184,652d144eb888d63ea96fa781f555ec8db1b922b169357d36329913c9ed80c4a9,yes,unit_integrity,authority for that unit's npz+checkpoint checksums
results/rigorous/artifacts/H2_APF_map-barrier-01_seed503_steps5000000/SHA256SUMS,unit_checksums,9184,38a9d07193bbdb2d092b676c4d96cf6f585dd05d4d22c53188a2be7141563270,yes,unit_integrity,authority for that unit's npz+checkpoint checksums
results/rigorous/artifacts/H2_APF_map-corridor-01_seed101_steps5000000/SHA256SUMS,unit_checksums,9239,970856a2c8880cdc546b1c0e7fc7d9b9484846f0ae1fbd8651777f937ead1e58,yes,unit_integrity,authority for that unit's npz+checkpoint checksums
results/rigorous/artifacts/H2_APF_map-corridor-01_seed211_steps5000000/SHA256SUMS,unit_checksums,9239,34b6cb26cce6c18cc009c822ae0a7c0bad3a628aaa6dfa6a1805d856a47d2000,yes,unit_integrity,authority for that unit's npz+checkpoint checksums
results/rigorous/artifacts/H2_APF_map-corridor-01_seed307_steps5000000/SHA256SUMS,unit_checksums,9239,d07631a75146c840d9405d71c69e329d714312ce35e41c9f19c29c96616ad629,yes,unit_integrity,authority for that unit's npz+checkpoint checksums
results/rigorous/artifacts/H2_APF_map-corridor-01_seed401_steps5000000/SHA256SUMS,unit_checksums,9239,2797c99943381dbe69ac67d95f0fc6a8d2999790daaef411ce728958f9053897,yes,unit_integrity,authority for that unit's npz+checkpoint checksums
results/rigorous/artifacts/H2_APF_map-corridor-01_seed503_steps5000000/SHA256SUMS,unit_checksums,9239,82b38d4108cbfc79cf0709d780d0a784743dcd947f9a18c151e8f484511db439,yes,unit_integrity,authority for that unit's npz+checkpoint checksums
results/rigorous/artifacts/H2_APF_map-mixed-01_seed101_steps5000000/SHA256SUMS,unit_checksums,9074,2f1954ea6620b89b993bec30a152ef51c9856928d6e08eaef1f69ffebad82867,yes,unit_integrity,authority for that unit's npz+checkpoint checksums
results/rigorous/artifacts/H2_APF_map-mixed-01_seed211_steps5000000/SHA256SUMS,unit_checksums,9074,5758c0664a17ff10a1e7adbeff7358ca7c3ba8d6e18395dcce66b662b5346f3b,yes,unit_integrity,authority for that unit's npz+checkpoint checksums
results/rigorous/artifacts/H2_APF_map-mixed-01_seed307_steps5000000/SHA256SUMS,unit_checksums,9074,ee5d170a7f8502f59d0456ff8b10f6885fb411c4c8026ee969a0adfdce47ec06,yes,unit_integrity,authority for that unit's npz+checkpoint checksums
results/rigorous/artifacts/H2_APF_map-mixed-01_seed401_steps5000000/SHA256SUMS,unit_checksums,9074,318fa10353729d970290d51d2079122c2fd8449f484bb924ac809855c2b7ac13,yes,unit_integrity,authority for that unit's npz+checkpoint checksums
results/rigorous/artifacts/H2_APF_map-mixed-01_seed503_steps5000000/SHA256SUMS,unit_checksums,9074,4e9c6d575ae15955a5ae09c1cd19aa4a02f21c5092494933d7fce66ef1117782,yes,unit_integrity,authority for that unit's npz+checkpoint checksums
results/rigorous/artifacts/H2_APF_map-random-01_seed101_steps5000000/SHA256SUMS,unit_checksums,9129,161114823630590aa70e3e412344415b89b6e8640a5708dfac5ab8802daefce3,yes,unit_integrity,authority for that unit's npz+checkpoint checksums
results/rigorous/artifacts/H2_APF_map-random-01_seed211_steps5000000/SHA256SUMS,unit_checksums,9129,9ddcb06151c4f7372a4e24ceb5abb42aafaa60ded0b2110182a616917f97c6f2,yes,unit_integrity,authority for that unit's npz+checkpoint checksums
results/rigorous/artifacts/H2_APF_map-random-01_seed307_steps5000000/SHA256SUMS,unit_checksums,9129,99151a4d0019326ab0f9c5f7d72754697942bb4289b86b51cbc04edbbbe8d646,yes,unit_integrity,authority for that unit's npz+checkpoint checksums
results/rigorous/artifacts/H2_APF_map-random-01_seed401_steps5000000/SHA256SUMS,unit_checksums,9129,72d37044019adaf54247d396eaf60f937156514435c2cc5297f7abcc6bed5e37,yes,unit_integrity,authority for that unit's npz+checkpoint checksums
results/rigorous/artifacts/H2_APF_map-random-01_seed503_steps5000000/SHA256SUMS,unit_checksums,9129,a017420ee99c91b96eaff19297a6e84d9905c20591a6c137007fd8a8a9df2330,yes,unit_integrity,authority for that unit's npz+checkpoint checksums
results/rigorous/artifacts/H4_A2C_map-barrier-01_seed101_steps5000000/SHA256SUMS,unit_checksums,8885,694214d9c7c1eb75a63ce2d575658fe8cc7eff4400bad065f295d6f1db9595a6,yes,unit_integrity,authority for that unit's npz+checkpoint checksums
results/rigorous/artifacts/H4_A2C_map-barrier-01_seed211_steps5000000/SHA256SUMS,unit_checksums,8885,a8cee937790f0de208affb8c7d674b9841a3f60237e205e83ba9a77a3509f457,yes,unit_integrity,authority for that unit's npz+checkpoint checksums
results/rigorous/artifacts/H4_A2C_map-barrier-01_seed307_steps5000000/SHA256SUMS,unit_checksums,8885,3479d91cca1a29c2625bfbb0c7c37d7618a607b4bac381dde05214dd6bac4664,yes,unit_integrity,authority for that unit's npz+checkpoint checksums
results/rigorous/artifacts/H4_A2C_map-barrier-01_seed401_steps5000000/SHA256SUMS,unit_checksums,8885,2bd0a0e5fefd8995119abfc24a65659cbea1d711ada792258bc2906690fde160,yes,unit_integrity,authority for that unit's npz+checkpoint checksums
results/rigorous/artifacts/H4_A2C_map-barrier-01_seed503_steps5000000/SHA256SUMS,unit_checksums,8885,0a4a8b78b48064d591c6a371edeccbe811669a51f69f6f4b80ebea69fc6ad138,yes,unit_integrity,authority for that unit's npz+checkpoint checksums
results/rigorous/artifacts/H4_A2C_map-corridor-01_seed101_steps5000000/SHA256SUMS,unit_checksums,8938,f4587dad3c466ea3e2b8444db3d8f6fcd31cf625acbb81d1ed24ca9e8734ed15,yes,unit_integrity,authority for that unit's npz+checkpoint checksums
results/rigorous/artifacts/H4_A2C_map-corridor-01_seed211_steps5000000/SHA256SUMS,unit_checksums,8938,ce42cf8d8efe785493eeb1f404a453852e549cafa2afbda694c250faf19c36d7,yes,unit_integrity,authority for that unit's npz+checkpoint checksums
results/rigorous/artifacts/H4_A2C_map-corridor-01_seed307_steps5000000/SHA256SUMS,unit_checksums,8938,9cf5c7b533c59c1dcecb93647214e95ea96e97759f19868703bca4ddb2bfe686,yes,unit_integrity,authority for that unit's npz+checkpoint checksums
results/rigorous/artifacts/H4_A2C_map-corridor-01_seed401_steps5000000/SHA256SUMS,unit_checksums,8938,679fea1f587d08f27c9cb6016004eb1ee6ab3159931503b2c7c60224c84b76eb,yes,unit_integrity,authority for that unit's npz+checkpoint checksums
results/rigorous/artifacts/H4_A2C_map-corridor-01_seed503_steps5000000/SHA256SUMS,unit_checksums,8938,87d95b9913ab6326fb0890a229baf89b6248b45e5a0176a9a4dc209727a6a3f3,yes,unit_integrity,authority for that unit's npz+checkpoint checksums
results/rigorous/artifacts/H4_A2C_map-mixed-01_seed101_steps5000000/SHA256SUMS,unit_checksums,8779,02243ebdac1f43d275d7044df8653ea18c02150fd000ebb5403ca5b5b45d89d4,yes,unit_integrity,authority for that unit's npz+checkpoint checksums
results/rigorous/artifacts/H4_A2C_map-mixed-01_seed211_steps5000000/SHA256SUMS,unit_checksums,8779,798a21ca5074cb9e38012388ae8c83c9d36cf31e4cbc30fe8f0db209d077505c,yes,unit_integrity,authority for that unit's npz+checkpoint checksums
results/rigorous/artifacts/H4_A2C_map-mixed-01_seed307_steps5000000/SHA256SUMS,unit_checksums,8779,220879bdbca25076c86f57b0b0bff0d988a733d44c431e67b9e2e61f08793abc,yes,unit_integrity,authority for that unit's npz+checkpoint checksums
results/rigorous/artifacts/H4_A2C_map-mixed-01_seed401_steps5000000/SHA256SUMS,unit_checksums,8779,fa8cdaf6d691d414466fdbb1583bc78595c6b111545f93280c94667bb2f22741,yes,unit_integrity,authority for that unit's npz+checkpoint checksums
results/rigorous/artifacts/H4_A2C_map-mixed-01_seed503_steps5000000/SHA256SUMS,unit_checksums,8779,7e2e7001a1262ca30179111eaa70d122fd3866a6ca718c69d86dce3378bc9488,yes,unit_integrity,authority for that unit's npz+checkpoint checksums
results/rigorous/artifacts/H4_A2C_map-random-01_seed101_steps5000000/SHA256SUMS,unit_checksums,8832,1246f935b7a45e2bb9bd0bd44fcbf8f8c03f9bed0da855c55ba1b250e858cf9d,yes,unit_integrity,authority for that unit's npz+checkpoint checksums
results/rigorous/artifacts/H4_A2C_map-random-01_seed211_steps5000000/SHA256SUMS,unit_checksums,8832,a7890ffc424eeb9d3155ed65c732effb5661d31257c3e042926b1acc0063411a,yes,unit_integrity,authority for that unit's npz+checkpoint checksums
results/rigorous/artifacts/H4_A2C_map-random-01_seed307_steps5000000/SHA256SUMS,unit_checksums,8832,f6dfee62af5a7c83b865fab4bd0c785bbfcc9982b6b070f95620dc32ed34d75f,yes,unit_integrity,authority for that unit's npz+checkpoint checksums
results/rigorous/artifacts/H4_A2C_map-random-01_seed401_steps5000000/SHA256SUMS,unit_checksums,8832,35bac91a5cbaa02a419ee1752d8e5341b711407cfb83864d49e94e5980543a74,yes,unit_integrity,authority for that unit's npz+checkpoint checksums
results/rigorous/artifacts/H4_A2C_map-random-01_seed503_steps5000000/SHA256SUMS,unit_checksums,8832,e22a0f4a931705719b38c3e2264660519a068879e91ddc6517ecbb231dcd7aaf,yes,unit_integrity,authority for that unit's npz+checkpoint checksums
