controller,metric,n,mean,sd,median,iqr,min,max,conditioning
H0,efficiency_success,1000,0.8829,0.0753,0.8943,0.1386,0.6848947226,0.9946246017,successful rollouts only
H0,clearance,1000,7.2372,5.2324,5.2954,8.4962,1.4168191108549726,27.265190806698214,all rollouts
H0,steps,1000,104.4000,22.6570,99.0000,34.0000,77.0,199.0,all rollouts
H0,jitter,1000,28.5311,9.0213,27.1449,9.9854,11.995825966718801,63.511150576292174,all rollouts
H0,acceleration,1000,16.0753,1.6664,16.2093,2.3453,11.149564671993824,20.03536399427206,all rollouts
H1,efficiency_success,830,0.8922,0.0990,0.9182,0.1427,0.6510845493,1.0,successful rollouts only
H1,clearance,1000,7.7704,6.2745,5.5736,6.5638,-0.8574016123606469,24.427095717265207,all rollouts
H1,steps,1000,237.7710,451.0443,78.0000,27.0000,27.0,1507.0,all rollouts
H1,jitter,1000,55.3330,14.6755,52.9200,24.6554,25.398309272038045,92.08520699657961,all rollouts
H1,acceleration,1000,22.8481,6.9921,24.5463,5.1966,3.255952408092727,30.74883521568208,all rollouts
H2,efficiency_success,55,0.8818,0.0405,0.8650,0.0336,0.8545702852,1.0,successful rollouts only
H2,clearance,1000,0.7625,3.7009,-0.1366,0.1701,-0.5294242299413128,20.64471739842836,all rollouts
H2,steps,1000,408.0400,338.8076,311.0000,296.5000,116.0,1507.0,all rollouts
H2,jitter,1000,2.2110,0.8205,1.7761,0.9868,1.5798792278452674,5.505065146609867,all rollouts
H2,acceleration,1000,0.4535,0.0952,0.4459,0.1240,0.30759106923317797,0.7716883528582502,all rollouts
