controller,map,n,success,collision,timeout,success_rate
H0,map-barrier-01,250,250,0,0,1.0000
H0,map-corridor-01,250,250,0,0,1.0000
H0,map-mixed-01,250,250,0,0,1.0000
H0,map-random-01,250,250,0,0,1.0000
H1,map-barrier-01,250,200,0,50,0.8000
H1,map-corridor-01,250,240,10,0,0.9600
H1,map-mixed-01,250,250,0,0,1.0000
H1,map-random-01,250,140,48,62,0.5600
H2,map-barrier-01,250,5,225,20,0.0200
H2,map-corridor-01,250,0,250,0,0.0000
H2,map-mixed-01,250,0,240,10,0.0000
H2,map-random-01,250,50,190,10,0.2000
