controller_id,n_rollouts,success,collision,timeout,success_rate,wilson_lo,wilson_hi,collision_rate,timeout_rate,metric,metric_n,mean,sd,median,iqr,min,max,missing,conditioning
H0,1000,1000,0,0,1.0,0.996173241514445,1.0,0.0,0.0,efficiency_success,1000,0.8828958623629,0.0753430736807967,0.89431505635,0.13861738629999987,0.6848947226,0.9946246017,0,successful rollouts only
H0,1000,1000,0,0,1.0,0.996173241514445,1.0,0.0,0.0,clearance,1000,7.237162899763479,5.232412116688418,5.2953739771834325,8.49620724175159,1.4168191108549726,27.265190806698214,0,all rollouts
H0,1000,1000,0,0,1.0,0.996173241514445,1.0,0.0,0.0,steps,1000,104.4,22.65696360945129,99.0,34.0,77.0,199.0,0,all rollouts
H0,1000,1000,0,0,1.0,0.996173241514445,1.0,0.0,0.0,jitter,1000,28.53114402713681,9.021262253093765,27.144885977181147,9.985411745183143,11.995825966718801,63.511150576292174,0,all rollouts
H0,1000,1000,0,0,1.0,0.996173241514445,1.0,0.0,0.0,acceleration,1000,16.075261102040535,1.6663738710026856,16.2093248910883,2.3453135849045275,11.149564671993824,20.03536399427206,0,all rollouts
H1,1000,830,58,112,0.83,0.805465935038086,0.8520084043614475,0.058,0.112,efficiency_success,830,0.8921691611301206,0.09899087278592064,0.9182332683,0.1427271511749999,0.6510845493,1.0,170,successful rollouts only
H1,1000,830,58,112,0.83,0.805465935038086,0.8520084043614475,0.058,0.112,clearance,1000,7.770376804308117,6.274533277439264,5.573631811809374,6.563809830771866,-0.8574016123606469,24.427095717265207,0,all rollouts
H1,1000,830,58,112,0.83,0.805465935038086,0.8520084043614475,0.058,0.112,steps,1000,237.771,451.0442844765911,78.0,27.0,27.0,1507.0,0,all rollouts
H1,1000,830,58,112,0.83,0.805465935038086,0.8520084043614475,0.058,0.112,jitter,1000,55.33298118947939,14.675516499561358,52.919976038088926,24.65537569114045,25.398309272038045,92.08520699657961,0,all rollouts
H1,1000,830,58,112,0.83,0.805465935038086,0.8520084043614475,0.058,0.112,acceleration,1000,22.848093482221522,6.992054768215752,24.546260916619445,5.196562663660188,3.255952408092727,30.74883521568208,0,all rollouts
H2,1000,55,905,40,0.055,0.04249742737476844,0.07090838767737563,0.905,0.04,efficiency_success,55,0.8818475716999999,0.040483594424871254,0.8650042714,0.033555118600000045,0.8545702852,1.0,945,successful rollouts only
H2,1000,55,905,40,0.055,0.04249742737476844,0.07090838767737563,0.905,0.04,clearance,1000,0.7624700700348742,3.700932404272258,-0.1366119373679453,0.17007346750130026,-0.5294242299413128,20.64471739842836,0,all rollouts
H2,1000,55,905,40,0.055,0.04249742737476844,0.07090838767737563,0.905,0.04,steps,1000,408.04,338.80759790772106,311.0,296.5,116.0,1507.0,0,all rollouts
H2,1000,55,905,40,0.055,0.04249742737476844,0.07090838767737563,0.905,0.04,jitter,1000,2.210984002710427,0.8204832964069274,1.7761338452308832,0.9868495093741467,1.5798792278452674,5.505065146609867,0,all rollouts
H2,1000,55,905,40,0.055,0.04249742737476844,0.07090838767737563,0.905,0.04,acceleration,1000,0.453485978263553,0.09515575618842474,0.44590772932380335,0.12396842684720877,0.30759106923317797,0.7716883528582502,0,all rollouts
