controller_id,map_id,n,success,collision,timeout,success_rate,wilson_lo,wilson_hi
H0,map-barrier-01,250,250,0,0,1.0,0.9848667005045553,0.9999999999999998
H0,map-corridor-01,250,250,0,0,1.0,0.9848667005045553,0.9999999999999998
H0,map-mixed-01,250,250,0,0,1.0,0.9848667005045553,0.9999999999999998
H0,map-random-01,250,250,0,0,1.0,0.9848667005045553,0.9999999999999998
H1,map-barrier-01,250,200,0,50,0.8,0.7460440266329055,0.8448759936698279
H1,map-corridor-01,250,240,10,0,0.96,0.9279472764187334,0.9781300880454574
H1,map-mixed-01,250,250,0,0,1.0,0.9848667005045553,0.9999999999999998
H1,map-random-01,250,140,48,62,0.56,0.4980209822582853,0.6201630218022616
H2,map-barrier-01,250,5,225,20,0.02,0.008572324384058198,0.045955643131568594
H2,map-corridor-01,250,0,250,0,0.0,8.673617379884035e-19,0.015133299495444574
H2,map-mixed-01,250,0,240,10,0.0,8.673617379884035e-19,0.015133299495444574
H2,map-random-01,250,50,190,10,0.2,0.1551240063301722,0.2539559733670946
