controller_id,map_id,training_seed_label,training_run_id,n_rollouts,success,success_rate,n_successful,efficiency_success_mean,clearance_mean,steps_mean,jitter_mean,acceleration_mean
H0,map-barrier-01,101,H0_map-barrier-01_seed101,50,50,1.0,50,0.95095273788,13.513997043399247,87.2,18.836689531857306,16.628443117115676
H0,map-barrier-01,211,H0_map-barrier-01_seed211,50,50,1.0,50,0.813379071206,11.027243156594693,134.62,28.323351124734454,16.375645768758478
H0,map-barrier-01,307,H0_map-barrier-01_seed307,50,50,1.0,50,0.945375828464,12.429141346777579,88.08,30.958999528810594,17.21197820133341
H0,map-barrier-01,401,H0_map-barrier-01_seed401,50,50,1.0,50,0.976253759966,11.892479245577686,79.64,21.89758140823825,16.222697388185342
H0,map-barrier-01,503,H0_map-barrier-01_seed503,50,50,1.0,50,0.9495532051860001,2.6518292854350767,86.52,37.001309259383426,17.784489921909916
H0,map-corridor-01,101,H0_map-corridor-01_seed101,50,50,1.0,50,0.834499351498,2.8458627330151978,96.48,35.94759705258998,19.371154761090885
H0,map-corridor-01,211,H0_map-corridor-01_seed211,50,50,1.0,50,0.8421175721,4.324177525022184,121.1,40.90618486747809,17.891114519159178
H0,map-corridor-01,307,H0_map-corridor-01_seed307,50,50,1.0,50,0.785338032206,6.457027604380795,107.76,20.17926391918258,16.871867166722673
H0,map-corridor-01,401,H0_map-corridor-01_seed401,50,50,1.0,50,0.886592075232,2.917885095137771,101.26,23.824072609387343,17.735065529610324
H0,map-corridor-01,503,H0_map-corridor-01_seed503,50,50,1.0,50,0.798661834408,3.404733360967693,109.7,27.057920588587994,17.36054366371877
H0,map-mixed-01,101,H0_map-mixed-01_seed101,50,50,1.0,50,0.9861852606799999,3.0229506415193352,78.9,23.663538116300952,13.538999229772804
H0,map-mixed-01,211,H0_map-mixed-01_seed211,50,50,1.0,50,0.877453996972,2.185329028533069,127.66,27.225375236798204,13.102248285431328
H0,map-mixed-01,307,H0_map-mixed-01_seed307,50,50,1.0,50,0.79318541783,19.686498158494516,113.54,14.101044915561292,16.68584565532705
H0,map-mixed-01,401,H0_map-mixed-01_seed401,50,50,1.0,50,0.963014111934,2.4287072217422927,87.62,32.40524336749383,15.700760992677829
H0,map-mixed-01,503,H0_map-mixed-01_seed503,50,50,1.0,50,0.97815741006,3.7880176989384444,79.7,54.13259146009536,15.474706845683237
H0,map-random-01,101,H0_map-random-01_seed101,50,50,1.0,50,0.8850663694540001,6.813294298631893,105.64,21.20176044056128,14.638570603613257
H0,map-random-01,211,H0_map-random-01_seed211,50,50,1.0,50,0.765361292696,15.92252864818333,124.44,26.386949832369677,14.867369104291097
H0,map-random-01,307,H0_map-random-01_seed307,50,50,1.0,50,0.912442659486,2.818171106197637,101.2,26.548862467384982,15.324312202594776
H0,map-random-01,401,H0_map-random-01_seed401,50,50,1.0,50,0.8146895673500001,10.648250722332346,153.84,27.390455171906165,13.464757318610436
H0,map-random-01,503,H0_map-random-01_seed503,50,50,1.0,50,0.8996376926499999,5.965134074388805,103.1,32.634089644014495,15.254651765204276
H1,map-barrier-01,101,H1_map-barrier-01_seed101,50,50,1.0,50,0.86537974328,11.719471103179007,93.46,76.18625093461306,30.227316992380178
H1,map-barrier-01,211,H1_map-barrier-01_seed211,50,50,1.0,50,0.9899876362640001,8.213009194348901,64.56,54.523481000153,22.658565664550537
H1,map-barrier-01,307,H1_map-barrier-01_seed307,50,50,1.0,50,0.962321348534,18.278722363232095,66.72,72.64564650223875,28.857510059434595
H1,map-barrier-01,401,H1_map-barrier-01_seed401,50,0,0.0,0,,9.264507628337928,1507.0,46.93938091444135,4.879493380677452
H1,map-barrier-01,503,H1_map-barrier-01_seed503,50,50,1.0,50,0.94137815001,19.490594962338882,74.32,38.43837461324768,29.069949388794544
H1,map-corridor-01,101,H1_map-corridor-01_seed101,50,50,1.0,50,0.672444979112,8.915927124954889,109.08,53.661153670763525,28.47287533216564
H1,map-corridor-01,211,H1_map-corridor-01_seed211,50,40,0.8,40,0.77064024179,2.169667278847189,79.52,54.27096653123388,27.178899426399756
H1,map-corridor-01,307,H1_map-corridor-01_seed307,50,50,1.0,50,0.74586787942,10.638858838808744,93.78,47.30111804250013,24.624808626365116
H1,map-corridor-01,401,H1_map-corridor-01_seed401,50,50,1.0,50,0.767761146834,3.975149453311709,93.04,40.99489253496383,22.308031657278676
H1,map-corridor-01,503,H1_map-corridor-01_seed503,50,50,1.0,50,0.8408483254860001,7.457102773401749,77.88,50.97619991765044,26.306621513282547
H1,map-mixed-01,101,H1_map-mixed-01_seed101,50,50,1.0,50,0.9893167838860001,4.70890468996115,64.66,56.445430965636525,21.117403939716304
H1,map-mixed-01,211,H1_map-mixed-01_seed211,50,50,1.0,50,0.99565044036,4.241749899739802,67.58,61.73671482264737,20.396130040032617
H1,map-mixed-01,307,H1_map-mixed-01_seed307,50,50,1.0,50,0.9522130355,4.85351166349262,74.22,76.69547403437272,26.296408854215553
H1,map-mixed-01,401,H1_map-mixed-01_seed401,50,50,1.0,50,0.982861480582,3.1173762269697987,64.72,65.55800586378818,25.15268470016261
H1,map-mixed-01,503,H1_map-mixed-01_seed503,50,50,1.0,50,0.97927689811,3.081605658376146,68.44,81.36337359681889,24.653681549429145
H1,map-random-01,101,H1_map-random-01_seed101,50,50,1.0,50,0.9064085288479999,2.263169330376678,79.76,40.72111978027559,23.26962094162307
H1,map-random-01,211,H1_map-random-01_seed211,50,13,0.26,13,0.8798679792615385,0.4574994724101425,56.32,48.219401431989446,24.066499499224992
H1,map-random-01,307,H1_map-random-01_seed307,50,0,0.0,0,,23.691014679059336,1507.0,33.95406521358402,5.145555449945845
H1,map-random-01,401,H1_map-random-01_seed401,50,38,0.76,38,0.8724543307710526,7.559994955455331,425.16,61.36577301515959,20.63062753174756
H1,map-random-01,503,H1_map-random-01_seed503,50,39,0.78,39,0.9101904347538462,1.3096987895602297,88.2,44.662800403509834,21.649185097003702
H2,map-barrier-01,101,H2_map-barrier-01_seed101,50,1,0.02,1,1.0,0.22221529618407068,508.48,2.0346930260178375,0.4093975642288228
H2,map-barrier-01,211,H2_map-barrier-01_seed211,50,1,0.02,1,1.0,0.22221529618407068,508.48,2.0346930260178375,0.4093975642288228
H2,map-barrier-01,307,H2_map-barrier-01_seed307,50,1,0.02,1,1.0,0.22221529618407068,508.48,2.0346930260178375,0.4093975642288228
H2,map-barrier-01,401,H2_map-barrier-01_seed401,50,1,0.02,1,1.0,0.22221529618407068,508.48,2.0346930260178375,0.4093975642288228
H2,map-barrier-01,503,H2_map-barrier-01_seed503,50,1,0.02,1,1.0,0.22221529618407068,508.48,2.0346930260178375,0.4093975642288228
H2,map-corridor-01,101,H2_map-corridor-01_seed101,50,0,0.0,0,,-0.2040567395854037,234.04,2.3983513857235086,0.4918822984801775
H2,map-corridor-01,211,H2_map-corridor-01_seed211,50,0,0.0,0,,-0.2040567395854037,234.04,2.3983513857235086,0.4918822984801775
H2,map-corridor-01,307,H2_map-corridor-01_seed307,50,0,0.0,0,,-0.2040567395854037,234.04,2.3983513857235086,0.4918822984801775
H2,map-corridor-01,401,H2_map-corridor-01_seed401,50,0,0.0,0,,-0.2040567395854037,234.04,2.3983513857235086,0.4918822984801775
H2,map-corridor-01,503,H2_map-corridor-01_seed503,50,0,0.0,0,,-0.2040567395854037,234.04,2.3983513857235086,0.4918822984801775
H2,map-mixed-01,101,H2_map-mixed-01_seed101,50,0,0.0,0,,0.01996170175743419,319.04,2.2906273366080607,0.46859741163979396
H2,map-mixed-01,211,H2_map-mixed-01_seed211,50,0,0.0,0,,0.01996170175743419,319.04,2.2906273366080607,0.46859741163979396
H2,map-mixed-01,307,H2_map-mixed-01_seed307,50,0,0.0,0,,0.01996170175743419,319.04,2.2906273366080607,0.46859741163979396
H2,map-mixed-01,401,H2_map-mixed-01_seed401,50,0,0.0,0,,0.01996170175743419,319.04,2.2906273366080607,0.46859741163979396
H2,map-mixed-01,503,H2_map-mixed-01_seed503,50,0,0.0,0,,0.01996170175743419,319.04,2.2906273366080607,0.46859741163979396
H2,map-random-01,101,H2_map-random-01_seed101,50,10,0.2,10,0.87003232887,3.0117600217833957,570.6,2.1202642624923005,0.44406663870541785
H2,map-random-01,211,H2_map-random-01_seed211,50,10,0.2,10,0.87003232887,3.0117600217833957,570.6,2.1202642624923005,0.44406663870541785
H2,map-random-01,307,H2_map-random-01_seed307,50,10,0.2,10,0.87003232887,3.0117600217833957,570.6,2.1202642624923005,0.44406663870541785
H2,map-random-01,401,H2_map-random-01_seed401,50,10,0.2,10,0.87003232887,3.0117600217833957,570.6,2.1202642624923005,0.44406663870541785
H2,map-random-01,503,H2_map-random-01_seed503,50,10,0.2,10,0.87003232887,3.0117600217833957,570.6,2.1202642624923005,0.44406663870541785
