map_id,training_seed_label,diff_success,diff_efficiency,diff_clearance,diff_steps,diff_jitter,diff_acceleration
map-barrier-01,101,0.0,-0.08557299460000001,-1.7945259402202396,6.259999999999991,57.349561402755754,13.598873875264502
map-barrier-01,211,0.0,0.17660856505800016,-2.814233962245792,-70.06,26.200129875418543,6.282919895792059
map-barrier-01,307,0.0,0.016945520069999942,5.849581016454517,-21.36,41.686646973428154,11.645531858101187
map-barrier-01,401,-1.0,,-2.6279716172397585,1427.36,25.041799506203102,-11.34320400750789
map-barrier-01,503,0.0,-0.008175055176000035,16.838765676903805,-12.200000000000003,1.4370653538642557,11.285459466884628
map-corridor-01,101,0.0,-0.16205437238600007,6.070064391939692,12.599999999999994,17.71355661817355,9.101720571074754
map-corridor-01,211,-0.19999999999999996,-0.07147733031000003,-2.1545102461749948,-41.58,13.364781663755792,9.287784907240578
map-corridor-01,307,0.0,-0.03947015278599997,4.181831234427949,-13.980000000000004,27.121854123317547,7.752941459642443
map-corridor-01,401,0.0,-0.11883092839800002,1.057264358173938,-8.219999999999999,17.170819925576488,4.5729661276683515
map-corridor-01,503,0.0,0.0421864910780001,4.0523694124340555,-31.820000000000007,23.918279329062447,8.946077849563778
map-mixed-01,101,0.0,0.0031315232060001863,1.6859540484418147,-14.240000000000009,32.78189284933558,7.5784047099435
map-mixed-01,211,0.0,0.11819644338800006,2.056420871206733,-60.08,34.51133958584917,7.293881754601289
map-mixed-01,307,0.0,0.15902761767000007,-14.832986495001895,-39.32000000000001,62.59442911881143,9.610563198888503
map-mixed-01,401,0.0,0.019847368647999963,0.688669005227506,-22.900000000000006,33.15276249629435,9.45192370748478
map-mixed-01,503,0.0,0.0011194880499999504,-0.7064120405622982,-11.260000000000005,27.230782136723526,9.178974703745908
map-random-01,101,0.0,0.02134215939399986,-4.550124968255215,-25.879999999999995,19.519359339714313,8.631050338009814
map-random-01,211,-0.74,0.11450668656553853,-15.465029175773187,-68.12,21.83245159961977,9.199130394933896
map-random-01,307,-1.0,,20.872843572861697,1405.8,7.405202746199041,-10.17875675264893
map-random-01,401,-0.24,0.05776476342105252,-3.0882557668770145,271.32000000000005,33.97531784325342,7.165870213137124
map-random-01,503,-0.21999999999999997,0.010552742103846269,-4.655435284828576,-14.899999999999991,12.02871075949534,6.394533331799426
